{
  "pre_markup": 47.29490699604218,
  "siap": 34.45222818515603,
  "watchlist": 23.75848348585854
}