{
  "pre_markup": 46.34621739387512,
  "siap": 23.756369948387146,
  "watchlist": 10.224505513906479
}